"train_n","validation_n","test_n","kappa","precision","recall","computation_time(seconds)","test_accuracy","average_accuracy"
"63726","21482","21142","0.17397034842575446","0.15336056442629037","0.6871880199667221","2521","76.65310502052307","72.92509808960992"
