"train_n","validation_n","test_n","kappa","precision","recall","computation_time(seconds)","test_accuracy","average_accuracy"
"64021","21187","21142","0.38315158676511274","0.4097103918228279","0.42416225749559083","1331","93.63352656364441","69.47630559769037"
