"kappa","precision","recall","computation_time(seconds)","test_accuracy"
"0.36060671681543743","0.9750641293324583","0.8329935786362247","2980","82.8091561794281"
