"kappa","precision","recall","computation_time(seconds)","test_accuracy"
"0.34440020797574716","0.9729470912137897","0.8284156347143657","2099","82.23307728767395"
