"kappa","precision","recall","computation_time(seconds)","test_accuracy"
"0.3640128574974184","0.9717715959004393","0.8455893594251643","2274","83.66131782531738"
