"kappa","precision","recall","computation_time(seconds)","test_accuracy"
"0.36303960460308965","0.9712331169970181","0.8466360856269113","2200","83.71021747589111"
