"kappa","precision","recall","computation_time(seconds)","test_accuracy"
"0.2554916932037308","0.9785012285012284","0.7306222290169699","1951","73.94277453422546"
