"kappa","precision","recall","computation_time(seconds)","test_accuracy"
"0.24160238695003558","0.979382889200561","0.7117158436528563","7876","72.31448888778687"
