"train_n","validation_n","test_n","kappa","precision","recall","computation_time(seconds)","test_accuracy","average_accuracy"
"63976","21232","21142","0.04987565988316053","0.07790458637555824","0.9691358024691358","1334","38.30763399600983","65.94979292233724"
