"kappa","precision","recall","computation_time(seconds)","test_accuracy"
"0.353663534391302","0.972189349112426","0.8373254510243604","5679","82.96268582344055"
